{
    "message": {
        "map": {
            "size": 20,
            "terrain": [
                {
                    "type": "grass",
                    "percent": 40
                },
                {
                    "type": "forest",
                    "percent": 30
                },
                {
                    "type": "mountain",
                    "percent": 20
                },
                {
                    "type": "water",
                    "percent": 10
                }
            ],
            "landmarks": [
                {
                    "type": "village",
                    "locations": [
                        {
                            "x": 4,
                            "y": 7
                        },
                        {
                            "x": 12,
                            "y": 16
                        },
                        {
                            "x": 18,
                            "y": 3
                        }
                    ]
                },
                {
                    "type": "dungeon",
                    "locations": [
                        {
                            "x": 14,
                            "y": 12
                        },
                        {
                            "x": 7,
                            "y": 18
                        }
                    ]
                },
                {
                    "type": "ruin",
                    "locations": [
                        {
                            "x": 10,
                            "y": 10
                        }
                    ]
                }
            ]
        }
    }
}